{
  "project_info": {
    "project_number": "917204933778",
    "firebase_url": "https://kurumsalb2c-5ad1b.firebaseio.com",
    "project_id": "kurumsalb2c-5ad1b",
    "storage_bucket": "kurumsalb2c-5ad1b.appspot.com"
  },
  "client": [
    {
      "client_info": {
        "mobilesdk_app_id": "1:917204933778:android:a85b7f3996c80db0",
        "android_client_info": {
          "package_name": "com.interlink.b2cbeta"
        }
      },
      "oauth_client": [
        {
          "client_id": "917204933778-2rpskt8em1bara0shuelsmeiceu3gudh.apps.googleusercontent.com",
          "client_type": 3
        }
      ],
      "api_key": [
        {
          "current_key": "AIzaSyDNTcjEjkiZS2FlJaHZzVPHekD6X2joDyo"
        }
      ],
      "services": {
        "analytics_service": {
          "status": 1
        },
        "appinvite_service": {
          "status": 1,
          "other_platform_oauth_client": []
        },
        "ads_service": {
          "status": 2
        }
      }
    }
  ],
  "configuration_version": "1"
}